{"cameraMode":{"drawMode":0,"name":"Shaded","section":"Shading Mode"},"sceneLighting":false,"audioPlay":false,"sceneViewState":{"m_AlwaysRefresh":false,"showFog":true,"showSkybox":false,"showFlares":true,"showImageEffects":true,"showParticleSystems":true,"showVisualEffectGraphs":true,"m_FxEnabled":true},"in2DMode":false,"pivot":{"x":-0.0003083944320678711,"y":0.8645186424255371,"z":0.040916815400123599},"rotation":{"x":-0.039864491671323779,"y":0.9240633249282837,"z":-0.10047822445631027,"w":-0.3666195571422577},"size":1.119821548461914,"orthographic":false}