{"cameraMode":{"drawMode":0,"name":"Shaded","section":"Shading Mode"},"sceneLighting":false,"audioPlay":false,"sceneViewState":{"m_AlwaysRefresh":false,"showFog":true,"showSkybox":false,"showFlares":true,"showImageEffects":true,"showParticleSystems":true,"showVisualEffectGraphs":true,"m_FxEnabled":true},"in2DMode":false,"pivot":{"x":-0.0002995729446411133,"y":0.8829382061958313,"z":0.045010074973106387},"rotation":{"x":-0.039864491671323779,"y":0.9240633249282837,"z":-0.10047822445631027,"w":-0.3666195571422577},"size":1.135384202003479,"orthographic":false}