{"cameraMode":{"drawMode":0,"name":"Shaded","section":"Shading Mode"},"sceneLighting":true,"audioPlay":false,"sceneViewState":{"m_AlwaysRefresh":false,"showFog":true,"showSkybox":true,"showFlares":true,"showImageEffects":true,"showParticleSystems":true,"showVisualEffectGraphs":true,"m_FxEnabled":true},"in2DMode":false,"pivot":{"x":2.9915993213653566,"y":1.6750283241271973,"z":-6.274878978729248},"rotation":{"x":0.0860958993434906,"y":0.2445714920759201,"z":-0.021256502717733384,"w":0.9654681086540222},"size":2.5075883865356447,"orthographic":false}