{"cameraMode":{"drawMode":0,"name":"Shaded","section":"Shading Mode"},"sceneLighting":false,"audioPlay":false,"sceneViewState":{"m_AlwaysRefresh":false,"showFog":true,"showSkybox":false,"showFlares":true,"showImageEffects":true,"showParticleSystems":true,"showVisualEffectGraphs":true,"m_FxEnabled":true},"in2DMode":false,"pivot":{"x":-10.945363998413086,"y":-12.968755722045899,"z":-25.184818267822267},"rotation":{"x":-0.0026713365223258735,"y":0.9689756035804749,"z":-0.24670948088169099,"w":-0.01114385761320591},"size":17.889493942260743,"orthographic":false}