{"cameraMode":{"drawMode":0,"name":"Shaded","section":"Shading Mode"},"sceneLighting":false,"audioPlay":false,"sceneViewState":{"m_AlwaysRefresh":false,"showFog":true,"showSkybox":false,"showFlares":true,"showImageEffects":true,"showParticleSystems":true,"showVisualEffectGraphs":true,"m_FxEnabled":true},"in2DMode":false,"pivot":{"x":-0.0003083944320678711,"y":0.8815609216690064,"z":0.04525596648454666},"rotation":{"x":-0.039864491671323779,"y":0.9240633249282837,"z":-0.10047822445631027,"w":-0.3666195571422577},"size":1.1357481479644776,"orthographic":false}