{
    "name": "root",
    "gauges": {
        "Runner2.Policy.Entropy.mean": {
            "value": 0.9643029570579529,
            "min": 0.9589518308639526,
            "max": 1.420398473739624,
            "count": 293
        },
        "Runner2.Policy.Entropy.sum": {
            "value": 28813.373046875,
            "min": 28522.39453125,
            "max": 42690.66015625,
            "count": 293
        },
        "Runner2.Environment.EpisodeLength.mean": {
            "value": 46.754777070063696,
            "min": 8.249075215782984,
            "max": 48.29064039408867,
            "count": 293
        },
        "Runner2.Environment.EpisodeLength.sum": {
            "value": 29362.0,
            "min": 26760.0,
            "max": 29450.0,
            "count": 293
        },
        "Runner2.Step.mean": {
            "value": 8789968.0,
            "min": 29995.0,
            "max": 8789968.0,
            "count": 293
        },
        "Runner2.Step.sum": {
            "value": 8789968.0,
            "min": 29995.0,
            "max": 8789968.0,
            "count": 293
        },
        "Runner2.Policy.ExtrinsicValueEstimate.mean": {
            "value": 41.37598419189453,
            "min": -0.8523827791213989,
            "max": 43.04959487915039,
            "count": 293
        },
        "Runner2.Policy.ExtrinsicValueEstimate.sum": {
            "value": 25984.1171875,
            "min": -2665.40087890625,
            "max": 26702.77734375,
            "count": 293
        },
        "Runner2.Environment.CumulativeReward.mean": {
            "value": 79.30725946524151,
            "min": -0.8975270155896532,
            "max": 82.6858333103797,
            "count": 293
        },
        "Runner2.Environment.CumulativeReward.sum": {
            "value": 49804.95894417167,
            "min": -2910.6801115572453,
            "max": 50603.72998595238,
            "count": 293
        },
        "Runner2.Policy.ExtrinsicReward.mean": {
            "value": 79.30725946524151,
            "min": -0.8975270155896532,
            "max": 82.6858333103797,
            "count": 293
        },
        "Runner2.Policy.ExtrinsicReward.sum": {
            "value": 49804.95894417167,
            "min": -2910.6801115572453,
            "max": 50603.72998595238,
            "count": 293
        },
        "Runner2.Losses.PolicyLoss.mean": {
            "value": 0.0168642120823885,
            "min": 0.011088459133558597,
            "max": 0.022917979030656472,
            "count": 293
        },
        "Runner2.Losses.PolicyLoss.sum": {
            "value": 0.0168642120823885,
            "min": 0.011088459133558597,
            "max": 0.0439868142537307,
            "count": 293
        },
        "Runner2.Losses.ValueLoss.mean": {
            "value": 28.40763282775879,
            "min": 0.02432500704502066,
            "max": 76.21743075052896,
            "count": 293
        },
        "Runner2.Losses.ValueLoss.sum": {
            "value": 28.40763282775879,
            "min": 0.030248061257104077,
            "max": 152.43486150105792,
            "count": 293
        },
        "Runner2.Policy.LearningRate.mean": {
            "value": 0.0002561290296236617,
            "min": 0.0002561290296236617,
            "max": 0.0002998975450341517,
            "count": 293
        },
        "Runner2.Policy.LearningRate.sum": {
            "value": 0.0002561290296236617,
            "min": 0.0002561290296236617,
            "max": 0.0005992830302389898,
            "count": 293
        },
        "Runner2.Policy.Epsilon.mean": {
            "value": 0.1853763383333334,
            "min": 0.1853763383333334,
            "max": 0.19996584833333328,
            "count": 293
        },
        "Runner2.Policy.Epsilon.sum": {
            "value": 0.1853763383333334,
            "min": 0.1853763383333334,
            "max": 0.3997610100000001,
            "count": 293
        },
        "Runner2.Policy.Beta.mean": {
            "value": 0.004270279282833332,
            "min": 0.004270279282833332,
            "max": 0.004998295831833334,
            "count": 293
        },
        "Runner2.Policy.Beta.sum": {
            "value": 0.004270279282833332,
            "min": 0.004270279282833332,
            "max": 0.009988074399000003,
            "count": 293
        },
        "Runner2.IsTraining.mean": {
            "value": 1.0,
            "min": 1.0,
            "max": 1.0,
            "count": 293
        },
        "Runner2.IsTraining.sum": {
            "value": 1.0,
            "min": 1.0,
            "max": 1.0,
            "count": 293
        },
        "Runner1.Policy.Entropy.mean": {
            "value": 0.8831906914710999,
            "min": 0.8831906914710999,
            "max": 1.4221264123916626,
            "count": 293
        },
        "Runner1.Policy.Entropy.sum": {
            "value": 26644.09765625,
            "min": 26391.63671875,
            "max": 42729.31640625,
            "count": 293
        },
        "Runner1.Environment.EpisodeLength.mean": {
            "value": 44.7484756097561,
            "min": 8.258870718913915,
            "max": 45.73478939157566,
            "count": 293
        },
        "Runner1.Environment.EpisodeLength.sum": {
            "value": 29355.0,
            "min": 26767.0,
            "max": 29409.0,
            "count": 293
        },
        "Runner1.Step.mean": {
            "value": 8789953.0,
            "min": 29998.0,
            "max": 8789953.0,
            "count": 293
        },
        "Runner1.Step.sum": {
            "value": 8789953.0,
            "min": 29998.0,
            "max": 8789953.0,
            "count": 293
        },
        "Runner1.Policy.ExtrinsicValueEstimate.mean": {
            "value": 40.85212707519531,
            "min": -0.8455734252929688,
            "max": 42.223148345947266,
            "count": 293
        },
        "Runner1.Policy.ExtrinsicValueEstimate.sum": {
            "value": 26798.99609375,
            "min": -2652.4130859375,
            "max": 27883.8359375,
            "count": 293
        },
        "Runner1.Environment.CumulativeReward.mean": {
            "value": 77.13294453332882,
            "min": -0.8963672389402801,
            "max": 79.43458322646833,
            "count": 293
        },
        "Runner1.Environment.CumulativeReward.sum": {
            "value": 50599.21161386371,
            "min": -2904.2298541665077,
            "max": 51145.2558119148,
            "count": 293
        },
        "Runner1.Policy.ExtrinsicReward.mean": {
            "value": 77.13294453332882,
            "min": -0.8963672389402801,
            "max": 79.43458322646833,
            "count": 293
        },
        "Runner1.Policy.ExtrinsicReward.sum": {
            "value": 50599.21161386371,
            "min": -2904.2298541665077,
            "max": 51145.2558119148,
            "count": 293
        },
        "Runner1.Losses.PolicyLoss.mean": {
            "value": 0.015241341261814038,
            "min": 0.011268021049909293,
            "max": 0.023070369296086333,
            "count": 293
        },
        "Runner1.Losses.PolicyLoss.sum": {
            "value": 0.015241341261814038,
            "min": 0.011268021049909293,
            "max": 0.04196753041372479,
            "count": 293
        },
        "Runner1.Losses.ValueLoss.mean": {
            "value": 41.80738423665365,
            "min": 0.024755206331610678,
            "max": 90.93941828409831,
            "count": 293
        },
        "Runner1.Losses.ValueLoss.sum": {
            "value": 41.80738423665365,
            "min": 0.029001650462547938,
            "max": 181.41565322875977,
            "count": 293
        },