{"cameraMode":{"drawMode":0,"name":"Shaded","section":"Shading Mode"},"sceneLighting":false,"audioPlay":false,"sceneViewState":{"m_AlwaysRefresh":false,"showFog":true,"showSkybox":false,"showFlares":true,"showImageEffects":true,"showParticleSystems":true,"showVisualEffectGraphs":true,"m_FxEnabled":true},"in2DMode":false,"pivot":{"x":0.8927892446517944,"y":1.7866393327713013,"z":-2.1017415523529054},"rotation":{"x":-0.0826696902513504,"y":-0.032475441694259647,"z":0.002349028130993247,"w":-0.995963990688324},"size":0.5530111789703369,"orthographic":false}