{
    "name": "root",
    "metadata": {
        "timer_format_version": "0.1.0",
        "start_time_seconds": "1727261977",
        "python_version": "3.10.0 (tags/v3.10.0:b494f59, Oct  4 2021, 19:00:18) [MSC v.1929 64 bit (AMD64)]",
        "command_line_arguments": "D:\\Users\\areya\\Desktop\\Personal Projects\\Boxing-ML\\MLBoxing\\venv\\Scripts\\mlagents-learn config.yaml --run-id=ragdoll_walker_experiment --force",
        "mlagents_version": "0.30.0",
        "mlagents_envs_version": "0.30.0",
        "communication_protocol_version": "1.5.0",
        "pytorch_version": "2.4.1+cpu",
        "numpy_version": "1.21.2",
        "end_time_seconds": "1727262065"
    },
    "total": 88.13541389998863,
    "count": 1,
    "self": 10.004598299972713,
    "children": {
        "run_training.setup": {
            "total": 0.08867860000464134,
            "count": 1,
            "self": 0.08867860000464134
        },
        "TrainerController.start_learning": {
            "total": 78.04213700001128,
            "count": 1,
            "self": 0.001405200018780306,
            "children": {
                "TrainerController._reset_env": {
                    "total": 7.521464499994181,
                    "count": 1,
                    "self": 7.521464499994181
                },
                "TrainerController.advance": {
                    "total": 70.50543999997899,
                    "count": 1,
                    "self": 1.0899995686486363e-05,
                    "children": {
                        "env_step": {
                            "total": 70.5054290999833,
                            "count": 1,
                            "self": 70.50541220000014,
                            "children": {
                                "SubprocessEnvManager._take_step": {
                                    "total": 1.689998316578567e-05,
                                    "count": 2,
                                    "self": 1.689998316578567e-05
                                }
                            }
                        }
                    }
                },
                "trainer_threads": {
                    "total": 7.00005330145359e-07,
                    "count": 1,
                    "self": 7.00005330145359e-07
                },
                "TrainerController._save_models": {
                    "total": 0.013826600013999268,
                    "count": 1,
                    "self": 6.940000457689166e-05,
                    "children": {
                        "RLTrainer._checkpoint": {
                            "total": 0.013757200009422377,
                            "count": 1,
                            "self": 0.013757200009422377
                        }
                    }
                }
            }
        }
    }
}