{"count":1,"self":140.32177919999998,"total":518.21009229999993,"children":{"InitializeActuators":{"count":16,"self":0.0019841999999999998,"total":0.0019841999999999998,"children":null},"InitializeSensors":{"count":16,"self":0.0014877999999999998,"total":0.0014877999999999998,"children":null},"AgentSendState":{"count":111567,"self":1.3811845,"total":19.3503185,"children":{"CollectObservations":{"count":357024,"self":12.902196,"total":12.9021963,"children":null},"WriteActionMask":{"count":357024,"self":0.2405311,"total":0.2405311,"children":null},"RequestDecision":{"count":357024,"self":0.75244749999999994,"total":4.8264065999999994,"children":{"AgentInfo.ToProto":{"count":357024,"self":0.7155946,"total":4.0739591,"children":{"GenerateSensorData":{"count":357024,"self":3.3583643999999997,"total":3.3583645,"children":null}}}}}}},"DecideAction":{"count":111567,"self":343.9469312,"total":343.9469205,"children":null},"AgentAct":{"count":111567,"self":13.4292128,"total":13.4292129,"children":null},"AgentInfo.ToProto":{"count":48952,"self":0.3471125,"total":1.1573973,"children":{"GenerateSensorData":{"count":48952,"self":0.81028479999999992,"total":0.81028479999999992,"children":null}}}},"gauges":{"Walker.CumulativeReward":{"count":48952,"max":5.41097975,"min":-9.09355,"runningAverage":-4.36056566,"value":-2.85032344,"weightedAverage":-3.25231051}},"metadata":{"timer_format_version":"0.1.0","start_time_seconds":"1727518035","unity_version":"2022.3.7f1","command_line_arguments":"D:\\Users\\2022.3.7f1\\Editor\\Unity.exe -projectpath D:\\Users\\areya\\Desktop\\Personal Projects\\Boxing-ML\\MLBoxing -useHub -hubIPC -cloudEnvironment production -licensingIpc LicenseClient-32GkrIwqfY5Q2OQZEGPQt -hubSessionId 16eba70f-d620-4670-ad15-23a59a3e947e -accessToken vB5RdDNebRg8PQIhe7wZ8fDougkOHo67F4CdRnnek2Y001f","communication_protocol_version":"1.5.0","com.unity.ml-agents_version":"2.0.1","scene_name":"SampleScene","end_time_seconds":"1727518553"}}