{
    "name": "root",
    "gauges": {
        "Walker.Policy.Entropy.mean": {
            "value": 1.4119861125946045,
            "min": 1.4119861125946045,
            "max": 1.4202884435653687,
            "count": 11
        },
        "Walker.Policy.Entropy.sum": {
            "value": 42359.58203125,
            "min": 42359.58203125,
            "max": 42690.4765625,
            "count": 11
        },
        "Walker.Environment.EpisodeLength.mean": {
            "value": 4.701444317749905,
            "min": 4.701444317749905,
            "max": 8.589456869009584,
            "count": 11
        },
        "Walker.Environment.EpisodeLength.sum": {
            "value": 24739.0,
            "min": 24739.0,
            "max": 26885.0,
            "count": 11
        },
        "Walker.Step.mean": {
            "value": 329997.0,
            "min": 29995.0,
            "max": 329997.0,
            "count": 11
        },
        "Walker.Step.sum": {
            "value": 329997.0,
            "min": 29995.0,
            "max": 329997.0,
            "count": 11
        },
        "Walker.Policy.ExtrinsicValueEstimate.mean": {
            "value": -2.1144652366638184,
            "min": -2.860577344894409,
            "max": -0.7695706486701965,
            "count": 11
        },
        "Walker.Policy.ExtrinsicValueEstimate.sum": {
            "value": -11126.31640625,
            "min": -11126.31640625,
            "max": -2407.217041015625,
            "count": 11
        },
        "Walker.Environment.CumulativeReward.mean": {
            "value": -3.178752224636096,
            "min": -5.146005749492846,
            "max": -3.178752224636096,
            "count": 11
        },
        "Walker.Environment.CumulativeReward.sum": {
            "value": -16726.594206035137,
            "min": -16726.594206035137,
            "max": -16096.705984413624,
            "count": 11
        },
        "Walker.Policy.ExtrinsicReward.mean": {
            "value": -3.178752224636096,
            "min": -5.146005749492846,
            "max": -3.178752224636096,
            "count": 11
        },
        "Walker.Policy.ExtrinsicReward.sum": {
            "value": -16726.594206035137,
            "min": -16726.594206035137,
            "max": -16096.705984413624,
            "count": 11
        },
        "Walker.Losses.PolicyLoss.mean": {
            "value": 0.01704554799022541,
            "min": 0.013800193540131052,
            "max": 0.02002341968084996,
            "count": 11
        },
        "Walker.Losses.PolicyLoss.sum": {
            "value": 0.03409109598045082,
            "min": 0.013800193540131052,
            "max": 0.03668870637969424,
            "count": 11
        },
        "Walker.Losses.ValueLoss.mean": {
            "value": 0.22950098787744838,
            "min": 0.15021469245354335,
            "max": 2.2114073733488717,
            "count": 11
        },
        "Walker.Losses.ValueLoss.sum": {
            "value": 0.45900197575489676,
            "min": 0.15021469245354335,
            "max": 2.2114073733488717,
            "count": 11
        },
        "Walker.Policy.LearningRate.mean": {
            "value": 0.00029682475105841674,
            "min": 0.00029682475105841674,
            "max": 0.0002997951800682732,
            "count": 11
        },
        "Walker.Policy.LearningRate.sum": {
            "value": 0.0005936495021168335,
            "min": 0.0002971320409559866,
            "max": 0.0005985661104779632,
            "count": 11
        },
        "Walker.Policy.Epsilon.mean": {
            "value": 0.19894158333333334,
            "min": 0.19894158333333334,
            "max": 0.19993172666666667,
            "count": 11
        },
        "Walker.Policy.Epsilon.sum": {
            "value": 0.3978831666666667,
            "min": 0.19904401333333335,
            "max": 0.3995220366666668,
            "count": 11
        },
        "Walker.Policy.Beta.mean": {
            "value": 0.004947185008333333,
            "min": 0.004947185008333333,
            "max": 0.004996593160666666,
            "count": 11
        },
        "Walker.Policy.Beta.sum": {
            "value": 0.009894370016666666,
            "min": 0.0049522962653333336,
            "max": 0.009976149629666666,
            "count": 11
        },
        "Walker.IsTraining.mean": {
            "value": 1.0,
            "min": 1.0,
            "max": 1.0,
            "count": 11
        },
        "Walker.IsTraining.sum": {
            "value": 1.0,
            "min": 1.0,
            "max": 1.0,
            "count": 11
        }
    },
    "metadata": {
        "timer_format_version": "0.1.0",
        "start_time_seconds": "1727518032",
        "python_version": "3.10.0 (tags/v3.10.0:b494f59, Oct  4 2021, 19:00:18) [MSC v.1929 64 bit (AMD64)]",
        "command_line_arguments": "D:\\Users\\areya\\Desktop\\Personal Projects\\Boxing-ML\\MLBoxing\\venv\\Scripts\\mlagents-learn config.yaml --run-id test1 --force",
        "mlagents_version": "0.30.0",
        "mlagents_envs_version": "0.30.0",
        "communication_protocol_version": "1.5.0",
        "pytorch_version": "2.4.1+cpu",
        "numpy_version": "1.21.2",
        "end_time_seconds": "1727518553"
    },
    "total": 521.2891376999905,
    "count": 1,
    "self": 0.0054045999713707715,
    "children": {
        "run_training.setup": {
            "total": 0.08756480002193712,
            "count": 1,
            "self": 0.08756480002193712
        },
        "TrainerController.start_learning": {
            "total": 521.1961682999972,
            "count": 1,
            "self": 1.123190299142152,
            "children": {
                "TrainerController._reset_env": {
                    "total": 4.141167099995073,
                    "count": 1,
                    "self": 4.141167099995073
                },
                "TrainerController.advance": {
                    "total": 515.8046470008558,
                    "count": 54352,
                    "self": 0.9340095037769061,
                    "children": {
                        "env_step": {
                            "total": 360.9714192993124,
                            "count": 54352,
                            "self": 327.7495281974843,
                            "children": {
                                "SubprocessEnvManager._take_step": {
                                    "total": 32.606936002441216,
                                    "count": 54352,
                                    "self": 1.3984356029541232,
                                    "children": {
                                        "TorchPolicy.evaluate": {
                                            "total": 31.208500399487093,
                                            "count": 22311,
                                            "self": 31.208500399487093
                                        }
                                    }
                                },
                                "workers": {
                                    "total": 0.6149550993868615,
                                    "count": 54352,
                                    "self": 0.0,
                                    "children": {
                                        "worker_root": {
                                            "total": 516.5532256996084,
                                            "count": 54352,
                                            "is_parallel": true,
                                            "self": 239.05751380205038,