{
    "name": "root",
    "gauges": {
        "Walker.Policy.Entropy.mean": {
            "value": 0.18197128176689148,
            "min": 0.18197128176689148,
            "max": 0.7396222949028015,
            "count": 1370
        },
        "Walker.Policy.Entropy.sum": {
            "value": 5459.138671875,
            "min": 5442.23583984375,
            "max": 22317.0234375,
            "count": 1370
        },
        "Walker.Environment.EpisodeLength.mean": {
            "value": 22.05679201841903,
            "min": 8.757073170731708,
            "max": 22.90756972111554,
            "count": 1370
        },
        "Walker.Environment.EpisodeLength.sum": {
            "value": 28740.0,
            "min": 26928.0,
            "max": 28760.0,
            "count": 1370
        },
        "Walker.Step.mean": {
            "value": 71099936.0,
            "min": 30029996.0,
            "max": 71099936.0,
            "count": 1370
        },
        "Walker.Step.sum": {
            "value": 71099936.0,
            "min": 30029996.0,
            "max": 71099936.0,
            "count": 1370
        },
        "Walker.Policy.ExtrinsicValueEstimate.mean": {
            "value": 15.601119995117188,
            "min": 4.680968761444092,
            "max": 17.752710342407227,
            "count": 1370
        },
        "Walker.Policy.ExtrinsicValueEstimate.sum": {
            "value": 20312.658203125,
            "min": 14390.59765625,
            "max": 23688.888671875,
            "count": 1370
        },
        "Walker.Environment.CumulativeReward.mean": {
            "value": 28.06745792007483,
            "min": 6.950078818720531,
            "max": 31.798135494853398,
            "count": 1370
        },
        "Walker.Environment.CumulativeReward.sum": {
            "value": 36543.83021193743,
            "min": 21371.492367565632,
            "max": 41872.218042999506,
            "count": 1370
        },
        "Walker.Policy.ExtrinsicReward.mean": {
            "value": 28.06745792007483,
            "min": 6.950078818720531,
            "max": 31.798135494853398,
            "count": 1370
        },
        "Walker.Policy.ExtrinsicReward.sum": {
            "value": 36543.83021193743,
            "min": 21371.492367565632,
            "max": 41872.218042999506,
            "count": 1370
        },
        "Walker.Losses.PolicyLoss.mean": {
            "value": 0.017454817540662287,
            "min": 0.009051412328456838,
            "max": 0.025990832643583418,
            "count": 1370
        },
        "Walker.Losses.PolicyLoss.sum": {
            "value": 0.03490963508132457,
            "min": 0.009051412328456838,
            "max": 0.04424911992391571,
            "count": 1370
        },
        "Walker.Losses.ValueLoss.mean": {
            "value": 115.26892077128093,
            "min": 4.8731190919876095,
            "max": 134.69266815185546,
            "count": 1370
        },
        "Walker.Losses.ValueLoss.sum": {
            "value": 230.53784154256186,
            "min": 4.8731190919876095,
            "max": 253.12530721028645,
            "count": 1370
        },
        "Walker.Policy.LearningRate.mean": {
            "value": 6.305593564804777e-05,
            "min": 6.305593564804777e-05,
            "max": 0.00019993167668945223,
            "count": 1370
        },
        "Walker.Policy.LearningRate.sum": {
            "value": 0.00012611187129609553,
            "min": 6.315852894718333e-05,
            "max": 0.0003995217468261067,
            "count": 1370
        },
        "Walker.Policy.Epsilon.mean": {
            "value": 0.12101861888888893,
            "min": 0.12101861888888893,
            "max": 0.1666438811111111,
            "count": 1370
        },
        "Walker.Policy.Epsilon.sum": {
            "value": 0.24203723777777786,
            "min": 0.12105281666666663,
            "max": 0.33317389333333347,
            "count": 1370
        },
        "Walker.Policy.Beta.mean": {
            "value": 0.001058829082555556,
            "min": 0.001058829082555556,
            "max": 0.003335529667444446,
            "count": 1370
        },
        "Walker.Policy.Beta.sum": {
            "value": 0.002117658165111112,
            "min": 0.0010605355516666662,
            "max": 0.006665377277333335,
            "count": 1370
        },
        "Walker.IsTraining.mean": {
            "value": 1.0,
            "min": 1.0,
            "max": 1.0,
            "count": 1370
        },
        "Walker.IsTraining.sum": {
            "value": 1.0,
            "min": 1.0,
            "max": 1.0,
            "count": 1370
        }
    },
    "metadata": {
        "timer_format_version": "0.1.0",
        "start_time_seconds": "1727602260",
        "python_version": "3.10.0 (tags/v3.10.0:b494f59, Oct  4 2021, 19:00:18) [MSC v.1929 64 bit (AMD64)]",
        "command_line_arguments": "D:\\Users\\areya\\Desktop\\Personal Projects\\Boxing-ML\\MLBoxing\\venv\\Scripts\\mlagents-learn config.yaml --run-id=test1 --resume",
        "mlagents_version": "0.30.0",
        "mlagents_envs_version": "0.30.0",
        "communication_protocol_version": "1.5.0",
        "pytorch_version": "2.4.1+cpu",
        "numpy_version": "1.21.2",
        "end_time_seconds": "1727643568"
    },
    "total": 41308.83201710001,
    "count": 1,
    "self": 0.005182599939871579,
    "children": {
        "run_training.setup": {
            "total": 0.11877370002912357,
            "count": 1,
            "self": 0.11877370002912357
        },
        "TrainerController.start_learning": {
            "total": 41308.70806080004,
            "count": 1,
            "self": 66.31555449170992,
            "children": {
                "TrainerController._reset_env": {
                    "total": 8.13458500005072,
                    "count": 1,
                    "self": 8.13458500005072
                },
                "TrainerController.advance": {
                    "total": 41234.196094708284,
                    "count": 3538053,
                    "self": 55.717987869807985,
                    "children": {
                        "env_step": {
                            "total": 28463.962133605848,
                            "count": 3538053,
                            "self": 26114.84078064852,
                            "children": {
                                "SubprocessEnvManager._take_step": {
                                    "total": 2309.756350873213,
                                    "count": 3538053,
                                    "self": 95.91477596375626,
                                    "children": {
                                        "TorchPolicy.evaluate": {
                                            "total": 2213.8415749094565,
                                            "count": 1713523,
                                            "self": 2213.8415749094565
                                        }
                                    }
                                },
                                "workers": {
                                    "total": 39.365002084115986,
                                    "count": 3538052,
                                    "self": 0.0,
                                    "children": {
                                        "worker_root": {
                                            "total": 41226.5218608008,
                                            "count": 3538052,
                                            "is_parallel": true,
                                            "self": 18527.750652273884,